PitchNo,Date,Time,Pitcher,PitcherId,PitcherThrows,PitcherTeam,PitcherSet,Balls,Strikes,PitchCall,TaggedPitchType,PitchSession,Flag,RelSpeed,VertRelAngle,HorzRelAngle,SpinRate,SpinAxis,Tilt,RelHeight,RelSide,Extension,VertBreak,InducedVertBreak,HorzBreak,PlateLocHeight,PlateLocSide,ZoneSpeed,VertApprAngle,HorzApprAngle,ZoneTime,pfxx,pfxz,x0,y0,z0,vx0,vy0,vz0,ax0,ay0,az0,PlayID,CalibrationId,EffVelocity,PracticeType,Device,Direction,BatterId,Batter,HitSpinRate,HitType,ExitSpeed,BatterSide,Angle,PositionAt110X,PositionAt110Y,PositionAt110Z,Distance,LastTrackedDistance,HangTime,Bearing,ContactPositionX,ContactPositionY,ContactPositionZ,SpinAxis3dTransverseAngle,SpinAxis3dLongitudinalAngle,SpinAxis3dActiveSpinRate,SpinAxis3dSpinEfficiency,SpinAxis3dTilt,PitchUID,PAofInning,PitchofPA,BatterTeam,Inning,Top/Bottom,Outs,AutoPitchType,KorBB,TaggedHitType,PlayResult,OutsOnPlay,RunsScored,Notes,HomeTeam,AwayTeam,Stadium,Level,League,GameID,EffectiveVelo,MaxHeight,MeasuredDuration,SpeedDrop,PitchLastMeasuredX,PitchLastMeasuredY,PitchLastMeasuredZ,GameUID,UTCDate,UTCTime,LocalDateTime,UTCDateTime,AutoHitType,System,HomeTeamForeignID,AwayTeamForeignID,GameForeignID,Catcher,CatcherId,CatcherThrows,CatcherTeam,PitchTrajectoryXc0,PitchTrajectoryXc1,PitchTrajectoryXc2,PitchTrajectoryYc0,PitchTrajectoryYc1,PitchTrajectoryYc2,PitchTrajectoryZc0,PitchTrajectoryZc1,PitchTrajectoryZc2,HitSpinAxis,HitTrajectoryXc0,HitTrajectoryXc1,HitTrajectoryXc2,HitTrajectoryXc3,HitTrajectoryXc4,HitTrajectoryXc5,HitTrajectoryXc6,HitTrajectoryXc7,HitTrajectoryXc8,HitTrajectoryYc0,HitTrajectoryYc1,HitTrajectoryYc2,HitTrajectoryYc3,HitTrajectoryYc4,HitTrajectoryYc5,HitTrajectoryYc6,HitTrajectoryYc7,HitTrajectoryYc8,HitTrajectoryZc0,HitTrajectoryZc1,HitTrajectoryZc2,HitTrajectoryZc3,HitTrajectoryZc4,HitTrajectoryZc5,HitTrajectoryZc6,HitTrajectoryZc7,HitTrajectoryZc8,ThrowSpeed,PopTime,ExchangeTime,TimeToBase,CatchPositionX,CatchPositionY,CatchPositionZ,ThrowPositionX,ThrowPositionY,ThrowPositionZ,BasePositionX,BasePositionY,BasePositionZ,ThrowTrajectoryXc0,ThrowTrajectoryXc1,ThrowTrajectoryXc2,ThrowTrajectoryYc0,ThrowTrajectoryYc1,ThrowTrajectoryYc2,ThrowTrajectoryZc0,ThrowTrajectoryZc1,ThrowTrajectoryZc2,PitchReleaseConfidence,PitchLocationConfidence,PitchMovementConfidence,HitLaunchConfidence,HitLandingConfidence,CatcherThrowCatchConfidence,CatcherThrowReleaseConfidence,CatcherThrowLocationConfidence,BatSpeed,VerticalAttackAngle,HorizontalAttackAngle
1,2025-10-06,12:16:14,"McNeillie, Luke",703667,Right,FLA_GAT,Undefined,0,0,BallCalled,Fastball,NA,NA,94.04866,-2.696871,-5.227728,2342.644403,229.339188,01:45:00,5.93608,1.9953,5.07435,-18.68536,13.86891,15.00969,1.82398,-1.69608,86.61168,-6.140774,-2.589708,0.410653,-8.74906,7.85571,-1.51069,50,5.66465,11.70767,-135.94218,-7.14308,-16.55099,26.75463,-17.31302,66144858-1044-455c-a263-2489d011d166,NA,NA,NA,NA,NA,701331,"Cyr, Blake",NA,NA,NA,Right,NA,NA,NA,NA,NA,NA,NA,NA,NA,NA,NA,NA,NA,NA,NA,NA,acc3d2d0-a2cf-11f0-ba78-370000ced80a,1,1,FLA_GAT,1,Top,0,Four-Seam,Undefined,Undefined,Undefined,0,0,NA,FLA_GAT,FLA_GAT,CondronBallpark,TeamExclusive,Team,20251006-CondronBallpark-Private-1,91.78651,NA,NA,7.43698,NA,NA,NA,67be6289-2770-45be-bde8-1bf6332ea231,2025-10-06,16:16:14,2025-10-06T16:16:14Z,2025-10-06T16:16:14Z,NA,v3,471297,471297,NA,"Bowen, Karson",702710,Right,FLA_GAT,55.42584,-137.00587,13.37731,5.93496,-6.45476,-8.65651,-1.98924,12.3657,-8.2755,NA,NA,NA,NA,NA,NA,NA,NA,NA,NA,NA,NA,NA,NA,NA,NA,NA,NA,NA,NA,NA,NA,NA,NA,NA,NA,NA,NA,NA,NA,NA,NA,NA,NA,NA,NA,NA,NA,NA,NA,NA,NA,NA,NA,NA,NA,NA,NA,NA,NA,High,High,High,NA,NA,NA,NA,NA,NA,NA,NA
2,2025-10-06,12:16:29,"McNeillie, Luke",703667,Right,FLA_GAT,Undefined,1,0,InPlay,TwoSeamFastBall,NA,NA,93.83938,-2.479732,-3.789417,2338.943913,236.487403,02:00:00,5.93698,1.96571,5.27313,-20.2343,12.09422,16.81623,1.91506,-0.19748,86.50247,-6.209612,-0.812059,0.409227,-9.43654,6.97386,-1.6322,50,5.69511,8.22457,-135.98928,-6.66815,-17.84264,27.10903,-18.98782,02a01b43-7687-42d5-b8c1-d73fb05a77fc,NA,NA,NA,NA,0.649653,701331,"Cyr, Blake",NA,NA,104.26055,Right,-4.09577,NA,NA,NA,21.37071,12.68555,0.139749,0.871804,0.45248,2.1324,0.16693,NA,NA,NA,NA,NA,b5a86f50-a2cf-11f0-ba78-370000ced80a,1,2,FLA_GAT,1,Top,0,Sinker,Undefined,GroundBall,Single,0,0,NA,FLA_GAT,FLA_GAT,CondronBallpark,TeamExclusive,Team,20251006-CondronBallpark-Private-1,92.10643,2.1324,NA,7.33691,NA,NA,NA,67be6289-2770-45be-bde8-1bf6332ea231,2025-10-06,16:16:29,2025-10-06T16:16:29Z,2025-10-06T16:16:29Z,GroundBall,v3,471297,471297,NA,"Bowen, Karson",702710,Right,FLA_GAT,55.22845,-137.02759,13.55451,5.93658,-5.9409,-9.49391,-1.96031,8.90797,-8.92132,13.680647,0.4526,152.50443,-20.31924,NA,NA,NA,NA,NA,NA,2.13303,-10.98203,-30.66769,NA,NA,NA,NA,NA,NA,0.16705,1.71809,-4.20423,NA,NA,NA,NA,NA,NA,NA,NA,NA,NA,NA,NA,NA,NA,NA,NA,NA,NA,NA,NA,NA,NA,NA,NA,NA,NA,NA,NA,High,High,High,High,High,NA,NA,NA,NA,NA,NA
3,2025-10-06,12:16:56,"McNeillie, Luke",703667,Right,FLA_GAT,Undefined,1,0,BallCalled,Slider,NA,NA,85.01551,2.014023,-1.129404,2645.157896,78.627283,08:30:00,5.9688,2.24784,4.9029,-39.33124,0.56736,-2.98358,4.59711,0.93094,78.13255,-5.107035,-1.654897,0.454622,1.17713,0.1322,-2.13474,50,6.13286,2.56704,-123.34749,2.78977,1.82615,22.93314,-31.96896,4a327cc0-3585-4d19-9ca2-becdc9c541e7,NA,NA,NA,NA,NA,701331,"Cyr, Blake",NA,NA,NA,Right,NA,NA,NA,NA,NA,NA,NA,NA,NA,NA,NA,NA,NA,NA,NA,NA,c5c7a1d0-a2cf-11f0-ba78-370000ced80a,2,1,FLA_GAT,1,Top,0,Slider,Undefined,Undefined,Undefined,0,0,NA,FLA_GAT,FLA_GAT,CondronBallpark,TeamExclusive,Team,20251006-CondronBallpark-Private-1,82.90942,NA,NA,6.88296,NA,NA,NA,67be6289-2770-45be-bde8-1bf6332ea231,2025-10-06,16:16:56,2025-10-06T16:16:56Z,2025-10-06T16:16:56Z,NA,v3,471297,471297,NA,"Bowen, Karson",702710,Right,FLA_GAT,55.59655,-124.38367,11.46657,5.97418,4.2342,-15.98448,-2.24886,2.48453,0.91308,NA,NA,NA,NA,NA,NA,NA,NA,NA,NA,NA,NA,NA,NA,NA,NA,NA,NA,NA,NA,NA,NA,NA,NA,NA,NA,NA,NA,NA,NA,NA,NA,NA,NA,NA,NA,NA,NA,NA,NA,NA,NA,NA,NA,NA,NA,NA,NA,NA,NA,High,High,High,NA,NA,NA,NA,NA,NA,NA,NA
4,2025-10-06,12:17:16,"McNeillie, Luke",703667,Right,FLA_GAT,Undefined,2,0,StrikeSwinging,Fastball,NA,NA,94.28778,-1.895865,-4.182916,2368.395552,213.936626,01:15:00,6.02937,2.27036,5.37934,-12.66012,19.57092,12.4556,3.19172,-0.61985,85.83568,-4.31993,-1.977561,0.40861,-7.42449,10.6702,-1.90451,50,5.8507,9.38689,-136.45575,-4.91611,-13.9901,30.19928,-12.06796,ef88f58e-bfd6-4dce-bcdf-fd37a909393a,NA,NA,NA,NA,NA,803734,"Yost, Hayden",NA,NA,NA,Left,NA,NA,NA,NA,NA,NA,NA,NA,NA,NA,NA,NA,NA,NA,NA,NA,d23abc40-a2cf-11f0-ba78-370000ced80a,2,2,FLA_GAT,1,Top,0,Four-Seam,Undefined,Undefined,Undefined,0,0,NA,FLA_GAT,FLA_GAT,CondronBallpark,TeamExclusive,Team,20251006-CondronBallpark-Private-1,92.245590000000007,NA,NA,8.4521,NA,NA,NA,67be6289-2770-45be-bde8-1bf6332ea231,2025-10-06,16:17:16,2025-10-06T16:17:16Z,2025-10-06T16:17:16Z,NA,v3,471297,471297,NA,"Bowen, Karson",702710,Right,FLA_GAT,55.1193,-137.58404,15.09964,6.02595,-4.46523,-6.03398,-2.26498,9.90959,-6.99505,NA,NA,NA,NA,NA,NA,NA,NA,NA,NA,NA,NA,NA,NA,NA,NA,NA,NA,NA,NA,NA,NA,NA,NA,NA,NA,NA,NA,NA,NA,NA,NA,NA,NA,NA,NA,NA,NA,NA,NA,NA,NA,NA,NA,NA,NA,NA,NA,NA,NA,High,High,High,NA,NA,NA,NA,NA,NA,NA,NA
5,2025-10-06,12:17:29,"McNeillie, Luke",703667,Right,FLA_GAT,Undefined,2,1,BallCalled,Slider,NA,NA,85.45176,0.28278,-0.655181,2808.787825,43.457012,07:30:00,5.95406,2.50605,4.81942,-42.98829,-3.18473,-4.19036,2.63957,1.53623,78.42571,-7.460948,-1.393551,0.45408,1.87457,-1.24721,-2.43723,50,5.94498,1.61093,-123.98457,-1.12985,2.91861,24.73756,-34.11584,9a689853-1aa0-42fa-ae4c-ef1c4c09c36f,NA,NA,NA,NA,NA,803734,"Yost, Hayden",NA,NA,NA,Left,NA,NA,NA,NA,NA,NA,NA,NA,NA,NA,NA,NA,NA,NA,NA,NA,d9f13900-a2cf-11f0-ba78-370000ced80a,2,3,FLA_GAT,1,Top,0,Slider,Undefined,Undefined,Undefined,0,0,NA,FLA_GAT,FLA_GAT,CondronBallpark,TeamExclusive,Team,20251006-CondronBallpark-Private-1,83.00834,NA,NA,7.02606,NA,NA,NA,67be6289-2770-45be-bde8-1bf6332ea231,2025-10-06,16:17:29,2025-10-06T16:17:29Z,2025-10-06T16:17:29Z,NA,v3,471297,471297,NA,"Bowen, Karson",702710,Right,FLA_GAT,55.67998,-125.11271,12.36878,5.96103,0.42598,-17.05792,-2.50766,1.47782,1.4593,NA,NA,NA,NA,NA,NA,NA,NA,NA,NA,NA,NA,NA,NA,NA,NA,NA,NA,NA,NA,NA,NA,NA,NA,NA,NA,NA,NA,NA,NA,NA,NA,NA,NA,NA,NA,NA,NA,NA,NA,NA,NA,NA,NA,NA,NA,NA,NA,NA,NA,High,High,High,NA,NA,NA,NA,NA,NA,NA,NA
6,2025-10-06,12:17:43,"McNeillie, Luke",703667,Right,FLA_GAT,Undefined,3,1,StrikeCalled,Fastball,NA,NA,95.02659,-3.148595,-3.151333,2461.24373,218.214468,01:15:00,5.98287,1.95694,5.38703,-11.98075,19.68454,14.6828,2.02586,0.22379,86.73247,-5.441657,-0.54568,0.405007,-8.23914,11.06272,-1.68578,50,5.69278,6.87109,-137.58215,-7.94321,-15.80453,30.30212,-10.95322,99324c17-6310-49e3-9c45-829b591699fd,NA,NA,NA,NA,NA,803734,"Yost, Hayden",NA,NA,NA,Left,NA,NA,NA,NA,NA,NA,NA,NA,NA,NA,NA,NA,NA,NA,NA,NA,e1db48e0-a2cf-11f0-ba78-370000ced80a,2,4,FLA_GAT,1,Top,0,Four-Seam,Undefined,Undefined,Undefined,0,0,NA,FLA_GAT,FLA_GAT,CondronBallpark,TeamExclusive,Team,20251006-CondronBallpark-Private-1,93.06604,NA,NA,8.29413,NA,NA,NA,67be6289-2770-45be-bde8-1bf6332ea231,2025-10-06,16:17:43,2025-10-06T16:17:43Z,2025-10-06T16:17:43Z,NA,v3,471297,471297,NA,"Bowen, Karson",702710,Right,FLA_GAT,55.11202,-138.70349,15.15106,5.97922,-7.53788,-5.47661,-1.95087,7.45594,-7.90226,NA,NA,NA,NA,NA,NA,NA,NA,NA,NA,NA,NA,NA,NA,NA,NA,NA,NA,NA,NA,NA,NA,NA,NA,NA,NA,NA,NA,NA,NA,NA,NA,NA,NA,NA,NA,NA,NA,NA,NA,NA,NA,NA,NA,NA,NA,NA,NA,NA,NA,High,High,High,NA,NA,NA,NA,NA,NA,NA,NA
7,2025-10-06,12:18:02,"McNeillie, Luke",703667,Right,FLA_GAT,Undefined,3,2,BallCalled,Slider,NA,NA,86.52563,-0.55205,-3.202203,2573.574811,82.5269,08:45:00,6.00075,2.18562,4.55082,-38.94597,0.4224,-6.15489,2.22893,-1.37862,79.4344,-7.528545,-4.27773,0.451591,2.10827,0.72784,-1.84626,50,5.90664,7.30095,-125.27882,-2.83126,3.34941,25.39052,-31.01775,5584d2b4-1030-4f59-9ff2-61e3d2730b8c,NA,NA,NA,NA,NA,812807,"Jones, Kyle",NA,NA,NA,Right,NA,NA,NA,NA,NA,NA,NA,NA,NA,NA,NA,NA,NA,NA,NA,NA,ed5424d0-a2cf-11f0-ba78-370000ced80a,2,5,FLA_GAT,1,Top,0,Slider,Walk,Undefined,Undefined,0,0,NA,FLA_GAT,FLA_GAT,CondronBallpark,TeamExclusive,Team,20251006-CondronBallpark-Private-1,83.46589,NA,NA,7.09123,NA,NA,NA,67be6289-2770-45be-bde8-1bf6332ea231,2025-10-06,16:18:02,2025-10-06T16:18:02Z,2025-10-06T16:18:02Z,NA,v3,471297,471297,NA,"Bowen, Karson",702710,Right,FLA_GAT,55.94824,-126.47861,12.69526,6.0058,-1.36556,-15.50887,-2.18752,7.14268,1.6747,NA,NA,NA,NA,NA,NA,NA,NA,NA,NA,NA,NA,NA,NA,NA,NA,NA,NA,NA,NA,NA,NA,NA,NA,NA,NA,NA,NA,NA,NA,NA,NA,NA,NA,NA,NA,NA,NA,NA,NA,NA,NA,NA,NA,NA,NA,NA,NA,NA,NA,High,High,High,NA,NA,NA,NA,NA,NA,NA,NA
8,2025-10-06,12:18:15,"McNeillie, Luke",703667,Right,FLA_GAT,Undefined,0,0,BallCalled,Fastball,NA,NA,94.62564,-4.366199,-2.945584,2459.434206,209.283569,01:00:00,6.0948,1.8102,5.35167,-9.67993,22.60655,12.03638,1.17965,0.04809,85.78754,-6.261968,-0.811121,0.408961,-6.91197,12.97072,-1.55389,50,5.6944,6.45637,-136.71448,-10.69623,-12.99381,32.03609,-7.79044,2ae898af-548c-46fe-9540-c319475fc02c,NA,NA,NA,NA,NA,812807,"Jones, Kyle",NA,NA,NA,Right,NA,NA,NA,NA,NA,NA,NA,NA,NA,NA,NA,NA,NA,NA,NA,NA,f53d2340-a2cf-11f0-ba78-370000ced80a,3,1,FLA_GAT,1,Top,0,Four-Seam,Undefined,Undefined,Undefined,0,0,NA,FLA_GAT,FLA_GAT,CondronBallpark,TeamExclusive,Team,20251006-CondronBallpark-Private-1,92.16642,NA,NA,8.83809,NA,NA,NA,67be6289-2770-45be-bde8-1bf6332ea231,2025-10-06,16:18:15,2025-10-06T16:18:15Z,2025-10-06T16:18:15Z,NA,v3,471297,471297,NA,"Bowen, Karson",702710,Right,FLA_GAT,55.14633,-137.91513,16.01805,6.0898,-10.40426,-3.89522,-1.805,6.94335,-6.4969,NA,NA,NA,NA,NA,NA,NA,NA,NA,NA,NA,NA,NA,NA,NA,NA,NA,NA,NA,NA,NA,NA,NA,NA,NA,NA,NA,NA,NA,NA,NA,NA,NA,NA,NA,NA,NA,NA,NA,NA,NA,NA,NA,NA,NA,NA,NA,NA,NA,NA,High,High,High,NA,NA,NA,NA,NA,NA,NA,NA
9,2025-10-06,12:18:34,"McNeillie, Luke",703667,Right,FLA_GAT,Undefined,1,0,BallCalled,TwoSeamFastBall,NA,NA,94.31422,-1.525447,-5.331539,2350.348558,230.814687,01:45:00,5.79815,2.06261,5.13651,-19.05733,13.4393,15.20914,2.76699,-1.70506,86.12563,-5.059056,-2.656686,0.41029,-9.00166,7.40748,-1.57376,50,5.64015,11.97691,-136.3015,-4.3643,-16.98603,29.09863,-18.19616,dce82e0b-2b2d-4658-82e5-3887c64e17c9,NA,NA,NA,NA,NA,812807,"Jones, Kyle",NA,NA,NA,Right,NA,NA,NA,NA,NA,NA,NA,NA,NA,NA,NA,NA,NA,NA,NA,NA,009d6e20-a2d0-11f0-ba78-370000ced80a,3,2,FLA_GAT,1,Top,0,Sinker,Undefined,Undefined,Undefined,0,0,NA,FLA_GAT,FLA_GAT,CondronBallpark,TeamExclusive,Team,20251006-CondronBallpark-Private-1,91.86787,NA,NA,8.18859,NA,NA,NA,67be6289-2770-45be-bde8-1bf6332ea231,2025-10-06,16:18:34,2025-10-06T16:18:34Z,2025-10-06T16:18:34Z,NA,v3,471297,471297,NA,"Bowen, Karson",702710,Right,FLA_GAT,55.36274,-137.44161,14.54931,5.79719,-3.65136,-9.09808,-2.05606,12.64244,-8.49302,NA,NA,NA,NA,NA,NA,NA,NA,NA,NA,NA,NA,NA,NA,NA,NA,NA,NA,NA,NA,NA,NA,NA,NA,NA,NA,NA,NA,NA,NA,NA,NA,NA,NA,NA,NA,NA,NA,NA,NA,NA,NA,NA,NA,NA,NA,NA,NA,NA,NA,High,High,High,NA,NA,NA,NA,NA,NA,NA,NA
10,2025-10-06,12:18:53,"McNeillie, Luke",703667,Right,FLA_GAT,Undefined,2,0,BallCalled,ChangeUp,NA,NA,86.97144,-1.420741,-5.212761,1515.299492,248.746364,02:15:00,5.71235,2.23972,5.67988,-30.49978,6.77725,14.50469,1.84054,-1.42427,80.04257,-7.026386,-2.632812,0.439432,-8.73205,4.15953,-1.80867,50,5.57291,10.87716,-125.88359,-4.19683,-14.10093,24.03272,-25.45703,618ff0fc-e45f-45cb-927e-4f595632d6c7,NA,NA,NA,NA,NA,701331,"Cyr, Blake",NA,NA,NA,Right,NA,NA,NA,NA,NA,NA,NA,NA,NA,NA,NA,NA,NA,NA,NA,NA,0bf2e390-a2d0-11f0-ba78-370000ced80a,3,3,FLA_GAT,1,Top,0,Changeup,Undefined,Undefined,Undefined,0,0,NA,FLA_GAT,FLA_GAT,CondronBallpark,TeamExclusive,Team,20251006-CondronBallpark-Private-1,85.77529,NA,NA,6.92887,NA,NA,NA,67be6289-2770-45be-bde8-1bf6332ea231,2025-10-06,16:18:53,2025-10-06T16:18:53Z,2025-10-06T16:18:53Z,NA,v3,471297,471297,NA,"Bowen, Karson",702710,Right,FLA_GAT,54.82048,-126.80054,12.01636,5.7145,-3.22554,-12.72851,-2.23394,11.41516,-7.05046,NA,NA,NA,NA,NA,NA,NA,NA,NA,NA,NA,NA,NA,NA,NA,NA,NA,NA,NA,NA,NA,NA,NA,NA,NA,NA,NA,NA,NA,NA,NA,NA,NA,NA,NA,NA,NA,NA,NA,NA,NA,NA,NA,NA,NA,NA,NA,NA,NA,NA,High,High,High,NA,NA,NA,NA,NA,NA,NA,NA
11,2025-10-06,12:19:07,"McNeillie, Luke",703667,Right,FLA_GAT,Undefined,3,0,BallCalled,Slider,NA,NA,86.36744,-1.785982,-3.625499,2723.31528,57.051417,08:00:00,5.86998,2.40683,4.7489,-39.10073,0.1198,-1.68386,0.91376,-1.17663,79.58393,-8.787112,-3.920953,0.450742,-0.16535,0.84409,-2.0404,50,5.65527,7.99781,-125.0265,-5.47993,-0.26187,25.05791,-30.83713,97d16f96-3e3b-49bd-bbcc-9a1f7c43baaa,NA,NA,NA,NA,NA,701331,"Cyr, Blake",NA,NA,NA,Right,NA,NA,NA,NA,NA,NA,NA,NA,NA,NA,NA,NA,NA,NA,NA,NA,143a0790-a2d0-11f0-ba78-370000ced80a,3,4,FLA_GAT,1,Top,0,Slider,Walk,Undefined,Undefined,0,0,NA,FLA_GAT,FLA_GAT,CondronBallpark,TeamExclusive,Team,20251006-CondronBallpark-Private-1,83.62309,NA,NA,6.78352,NA,NA,NA,67be6289-2770-45be-bde8-1bf6332ea231,2025-10-06,16:19:07,2025-10-06T16:19:07Z,2025-10-06T16:19:07Z,NA,v3,471297,471297,NA,"Bowen, Karson",702710,Right,FLA_GAT,55.75201,-126.17406,12.52896,5.87389,-4.06771,-15.41857,-2.40695,8.00981,-0.13094,NA,NA,NA,NA,NA,NA,NA,NA,NA,NA,NA,NA,NA,NA,NA,NA,NA,NA,NA,NA,NA,NA,NA,NA,NA,NA,NA,NA,NA,NA,NA,NA,NA,NA,NA,NA,NA,NA,NA,NA,NA,NA,NA,NA,NA,NA,NA,NA,NA,NA,High,High,High,NA,NA,NA,NA,NA,NA,NA,NA
12,2025-10-06,12:19:22,"McNeillie, Luke",703667,Right,FLA_GAT,Undefined,0,0,InPlay,TwoSeamFastBall,NA,NA,94.22594,-2.722263,-4.239459,2361.255714,237.008158,02:00:00,5.89594,2.17098,5.33043,-19.56135,12.73229,18.00395,1.70263,-0.31379,86.15553,-6.351626,-1.051004,0.409006,-10.28556,7.45182,-1.80111,50,5.63533,9.26999,-136.34909,-7.22559,-19.38491,29.66045,-18.12979,600043c4-a2c1-4d05-9d4d-63faa94d3e7a,NA,NA,NA,NA,-86.866722,701331,"Cyr, Blake",NA,NA,63.4124,Right,-54.951987,NA,NA,NA,2.44647,2.44647,0.023404,-22.919962,2.18477,1.78775,0.29939,NA,NA,NA,NA,NA,1cf06820-a2d0-11f0-ba78-370000ced80a,4,1,FLA_GAT,1,Top,0,Sinker,Undefined,GroundBall,Out,0,0,NA,FLA_GAT,FLA_GAT,CondronBallpark,TeamExclusive,Team,20251006-CondronBallpark-Private-1,92.1562,1.78775,NA,8.07041,NA,NA,NA,67be6289-2770-45be-bde8-1bf6332ea231,2025-10-06,16:19:22,2025-10-06T16:19:22Z,2025-10-06T16:19:22Z,GroundBall,v3,471297,471297,NA,"Bowen, Karson",702710,Right,FLA_GAT,55.17068,-137.46928,14.83022,5.89529,-6.54088,-9.0649,-2.16504,10.0021,-9.69246,NA,2.18474,2.9287,NA,NA,NA,NA,NA,NA,NA,1.78868,-76.38617,NA,NA,NA,NA,NA,NA,NA,0.30004,-53.50152,NA,NA,NA,NA,NA,NA,NA,NA,NA,NA,NA,NA,NA,NA,NA,NA,NA,NA,NA,NA,NA,NA,NA,NA,NA,NA,NA,NA,NA,High,High,High,Estimated,Estimated,NA,NA,NA,75.8697,9.04494,8.45647
13,2025-10-06,12:19:54,"McNeillie, Luke",703667,Right,FLA_GAT,Undefined,0,0,BallCalled,ChangeUp,NA,NA,85.36096,-2.553339,-5.120115,1479.813391,254.046823,02:30:00,5.73142,2.68799,5.35273,-33.11321,5.68874,16.19879,0.56603,-0.77707,79.59729,-8.550326,-2.25249,0.44833,-9.37473,3.74886,-2.23841,50,5.47667,10.4022,-123.59503,-6.7328,-14.75779,20.54568,-26.27255,6e9b9e73-ce0f-4555-916f-8ce938b395a2,NA,NA,NA,NA,NA,803734,"Yost, Hayden",NA,NA,NA,Left,NA,NA,NA,NA,NA,NA,NA,NA,NA,NA,NA,NA,NA,NA,NA,NA,30526990-a2d0-11f0-ba78-370000ced80a,5,1,FLA_GAT,1,Top,0,Changeup,Undefined,Undefined,Undefined,0,0,NA,FLA_GAT,FLA_GAT,CondronBallpark,TeamExclusive,Team,20251006-CondronBallpark-Private-1,84.07292,NA,NA,5.76367,NA,NA,NA,67be6289-2770-45be-bde8-1bf6332ea231,2025-10-06,16:19:54,2025-10-06T16:19:54Z,2025-10-06T16:19:54Z,NA,v3,471297,471297,NA,"Bowen, Karson",702710,Right,FLA_GAT,55.14994,-124.44818,10.27284,5.7336,-5.64185,-13.13627,-2.68307,11.01501,-7.37889,NA,NA,NA,NA,NA,NA,NA,NA,NA,NA,NA,NA,NA,NA,NA,NA,NA,NA,NA,NA,NA,NA,NA,NA,NA,NA,NA,NA,NA,NA,NA,NA,NA,NA,NA,NA,NA,NA,NA,NA,NA,NA,NA,NA,NA,NA,NA,NA,NA,NA,High,High,High,NA,NA,NA,NA,NA,NA,NA,NA
14,2025-10-06,12:20:12,"McNeillie, Luke",703667,Right,FLA_GAT,Undefined,1,0,FoulBallNotFieldable,ChangeUp,NA,NA,86.35122,-0.117198,-3.870184,1523.886281,228.868801,01:45:00,5.58961,2.71763,5.18729,-25.76092,12.28733,12.86851,3.33236,0.14346,79.91758,-4.842593,-1.59772,0.443955,-7.405,6.48272,-2.36823,50,5.55921,7.92446,-125.28551,-1.18386,-11.94929,21.69317,-21.71301,8c92751b-80b8-4520-9f2a-dd50fb38d9b0,NA,NA,NA,NA,-168.714518,803734,"Yost, Hayden",5359.855591,NA,76.97284,Left,69.707531,NA,NA,NA,NA,31.93399,NA,NA,1.96245,3.58184,-0.18297,NA,NA,NA,NA,NA,3aaba4b0-a2d0-11f0-ba78-370000ced80a,5,2,FLA_GAT,1,Top,0,Changeup,Undefined,Undefined,Undefined,0,0,NA,FLA_GAT,FLA_GAT,CondronBallpark,TeamExclusive,Team,20251006-CondronBallpark-Private-1,84.90156,68.85162,NA,6.43365,NA,NA,NA,67be6289-2770-45be-bde8-1bf6332ea231,2025-10-06,16:20:12,2025-10-06T16:20:12Z,2025-10-06T16:20:12Z,NA,v3,471297,471297,NA,"Bowen, Karson",702710,Right,FLA_GAT,55.31451,-126.20236,10.84658,5.58985,-0.26616,-10.8565,-2.71383,8.42949,-5.97465,1.527789,1.96245,-38.39575,-5.62537,3.75816,-1.26784,0.36457,-0.09616,0.02178,-0.00291,3.58184,105.88654,-35.08086,5.48192,-1.112,0.19073,-0.02254,-0.0046,0.00281,-0.18297,-7.66211,-0.20228,0.36747,-0.1411,0.04354,-0.01228,0.00313,-5e-4,NA,NA,NA,NA,NA,NA,NA,NA,NA,NA,NA,NA,NA,NA,NA,NA,NA,NA,NA,NA,NA,NA,High,High,High,High,Undefined,NA,NA,NA,NA,NA,NA
15,2025-10-06,12:20:34,"McNeillie, Luke",703667,Right,FLA_GAT,Undefined,1,1,BallCalled,Slider,NA,NA,84.08986,0.174725,-0.585189,2314.156515,22.024308,06:45:00,5.91743,2.51794,4.74981,-47.15129,-6.05091,-2.94925,2.15388,1.71715,77.49972,-8.280479,-1.104539,0.461418,1.29146,-2.65024,-2.45639,50,5.89299,1.37985,-122.05991,-1.53091,1.95329,23.45447,-36.18244,a3dae61c-d936-47e6-bc7c-bc369acb9d75,NA,NA,NA,NA,NA,803734,"Yost, Hayden",NA,NA,NA,Left,NA,NA,NA,NA,NA,NA,NA,NA,NA,NA,NA,NA,NA,NA,NA,NA,48331550-a2d0-11f0-ba78-370000ced80a,5,3,FLA_GAT,1,Top,0,Curveball,Undefined,Undefined,Undefined,0,0,NA,FLA_GAT,FLA_GAT,CondronBallpark,TeamExclusive,Team,20251006-CondronBallpark-Private-1,81.68832,NA,NA,6.59014,NA,NA,NA,67be6289-2770-45be-bde8-1bf6332ea231,2025-10-06,16:20:34,2025-10-06T16:20:34Z,2025-10-06T16:20:34Z,NA,v3,471297,471297,NA,"Bowen, Karson",702710,Right,FLA_GAT,55.75113,-123.16006,11.72723,5.92499,0.16627,-18.09122,-2.51896,1.28822,0.97665,NA,NA,NA,NA,NA,NA,NA,NA,NA,NA,NA,NA,NA,NA,NA,NA,NA,NA,NA,NA,NA,NA,NA,NA,NA,NA,NA,NA,NA,NA,NA,NA,NA,NA,NA,NA,NA,NA,NA,NA,NA,NA,NA,NA,NA,NA,NA,NA,NA,NA,High,High,High,NA,NA,NA,NA,NA,NA,NA,NA
16,2025-10-06,12:20:53,"McNeillie, Luke",703667,Right,FLA_GAT,Undefined,2,1,BallCalled,Slider,NA,NA,85.14806,-1.061014,-2.367764,2483.683338,50.168503,07:45:00,5.77267,2.6452,4.66657,-45.15719,-4.78721,-7.21437,1.00077,-0.20635,78.55747,-9.120516,-3.634681,0.457299,2.91197,-1.76599,-2.39671,50,5.62294,5.42939,-123.4441,-4.12583,4.49366,24.55426,-34.8993,c3dc815d-e8c8-4d75-b5a2-e8e2516da0e9,NA,NA,NA,NA,NA,812807,"Jones, Kyle",NA,NA,NA,Right,NA,NA,NA,NA,NA,NA,NA,NA,NA,NA,NA,NA,NA,NA,NA,NA,537529d0-a2d0-11f0-ba78-370000ced80a,5,4,FLA_GAT,1,Top,0,Slider,Undefined,Undefined,Undefined,0,0,NA,FLA_GAT,FLA_GAT,CondronBallpark,TeamExclusive,Team,20251006-CondronBallpark-Private-1,82.42398,NA,NA,6.59059,NA,NA,NA,67be6289-2770-45be-bde8-1bf6332ea231,2025-10-06,16:20:53,2025-10-06T16:20:53Z,2025-10-06T16:20:53Z,NA,v3,471297,471297,NA,"Bowen, Karson",702710,Right,FLA_GAT,55.83505,-124.59934,12.27713,5.77843,-2.48387,-17.44965,-2.64718,5.21797,2.24683,NA,NA,NA,NA,NA,NA,NA,NA,NA,NA,NA,NA,NA,NA,NA,NA,NA,NA,NA,NA,NA,NA,NA,NA,NA,NA,NA,NA,NA,NA,NA,NA,NA,NA,NA,NA,NA,NA,NA,NA,NA,NA,NA,NA,NA,NA,NA,NA,NA,NA,High,High,High,NA,NA,NA,NA,NA,NA,NA,NA
17,2025-10-06,12:21:11,"McNeillie, Luke",703667,Right,FLA_GAT,Undefined,3,1,FoulBallNotFieldable,Fastball,NA,NA,93.50019,-2.154974,-3.217962,2478.139516,201.576942,12:45:00,5.9675,2.38498,5.21139,-12.31064,20.61383,7.7263,2.911,-4e-4,85.21457,-4.509725,-1.852229,0.412982,-4.76618,11.22249,-2.09337,50,5.75933,7.24381,-135.40274,-5.48307,-8.84431,29.69541,-11.34916,4fbfb4bb-faa5-4e51-8b24-a86c2f0eb12f,NA,NA,NA,NA,109.131925,812807,"Jones, Kyle",5170.826805,NA,74.10132,Right,45.87723,NA,NA,NA,NA,28.34347,NA,NA,0.91448,3.23572,-0.07103,NA,NA,NA,NA,NA,5dc5b260-a2d0-11f0-ba78-370000ced80a,5,5,FLA_GAT,1,Top,0,Four-Seam,Undefined,Undefined,Undefined,0,0,NA,FLA_GAT,FLA_GAT,CondronBallpark,TeamExclusive,Team,20251006-CondronBallpark-Private-1,91.26906,32.70277,NA,8.28562,NA,NA,NA,67be6289-2770-45be-bde8-1bf6332ea231,2025-10-06,16:21:11,2025-10-06T16:21:11Z,2025-10-06T16:21:11Z,NA,v3,471297,471297,NA,"Bowen, Karson",702710,Right,FLA_GAT,55.28722,-136.55737,14.8477,5.96394,-5.04179,-5.67458,-2.38171,7.5877,-4.42216,NA,0.9212,-25.01561,-2.61064,NA,NA,NA,NA,NA,NA,3.23829,77.93959,-19.20152,NA,NA,NA,NA,NA,NA,-0.04886,70.77851,-18.78723,NA,NA,NA,NA,NA,NA,NA,NA,NA,NA,NA,NA,NA,NA,NA,NA,NA,NA,NA,NA,NA,NA,NA,NA,NA,NA,NA,NA,High,High,High,Medium,Undefined,NA,NA,NA,64.23142,1.89631,-1.85555
18,2025-10-06,12:21:36,"McNeillie, Luke",703667,Right,FLA_GAT,Undefined,3,2,InPlay,Slider,NA,NA,84.5346,-0.108318,-1.884777,2536.536536,32.24526,07:00:00,5.80639,2.66758,4.77863,-45.71983,-4.60992,-3.77658,1.89368,0.56561,77.12144,-8.333617,-2.549425,0.461471,1.29551,-1.89264,-2.47554,50,5.75524,4.20065,-122.49533,-2.05675,1.95058,26.24268,-35.02372,3ec7737e-0726-4df2-91fe-cfad9a7d9425,NA,NA,NA,NA,-5.679504,812807,"Jones, Kyle",1426.72997,NA,95.04889,Right,4.435456,NA,NA,NA,124.68397,124.35997,1.008957,-3.642287,1.27812,1.83857,-0.504,NA,NA,NA,NA,NA,6cabc8a0-a2d0-11f0-ba78-370000ced80a,5,6,FLA_GAT,1,Top,0,Slider,Undefined,LineDrive,Single,0,0,NA,FLA_GAT,FLA_GAT,CondronBallpark,TeamExclusive,Team,20251006-CondronBallpark-Private-1,81.67884,4.12043,NA,7.41315,NA,NA,NA,67be6289-2770-45be-bde8-1bf6332ea231,2025-10-06,16:21:36,2025-10-06T16:21:36Z,2025-10-06T16:21:36Z,GroundBall,v3,471297,471297,NA,"Bowen, Karson",702710,Right,FLA_GAT,55.72139,-123.71497,13.12134,5.81301,-0.429,-17.51186,-2.66866,4.11,0.97529,232.915205,1.39942,136.65692,-14.69313,NA,NA,NA,NA,NA,NA,1.85707,10.53839,-12.28701,NA,NA,NA,NA,NA,NA,-0.56966,-12.85492,5.57657,NA,NA,NA,NA,NA,NA,NA,NA,NA,NA,NA,NA,NA,NA,NA,NA,NA,NA,NA,NA,NA,NA,NA,NA,NA,NA,NA,NA,High,High,High,High,High,NA,NA,NA,NA,NA,NA
19,2025-10-06,12:22:09,"McNeillie, Luke",703667,Right,FLA_GAT,Undefined,0,0,BallCalled,Slider,NA,NA,86.14428,-2.152984,-4.373032,2557.780927,32.250962,07:00:00,5.81801,2.69327,4.67706,-46.58211,-6.32555,-4.88209,-0.11543,-1.87467,78.5264,-10.445881,-5.228023,0.456657,0.98835,-2.07173,-2.24273,50,5.55578,9.7322,-124.33582,-6.60138,1.52206,28.70448,-35.36456,c6c296dc-2edb-4e37-9cff-a4fc33f71b44,NA,NA,NA,NA,NA,701331,"Cyr, Blake",NA,NA,NA,Right,NA,NA,NA,NA,NA,NA,NA,NA,NA,NA,NA,NA,NA,NA,NA,NA,806befa0-a2d0-11f0-ba78-370000ced80a,6,1,FLA_GAT,1,Top,0,Slider,Undefined,Undefined,Undefined,0,0,NA,FLA_GAT,FLA_GAT,CondronBallpark,TeamExclusive,Team,20251006-CondronBallpark-Private-1,82.54002,NA,NA,7.61787,NA,NA,NA,67be6289-2770-45be-bde8-1bf6332ea231,2025-10-06,16:22:09,2025-10-06T16:22:09Z,2025-10-06T16:22:09Z,NA,v3,471297,471297,NA,"Bowen, Karson",702710,Right,FLA_GAT,55.82266,-125.67286,14.35224,5.82491,-4.95411,-17.68228,-2.6944,9.6613,0.76103,NA,NA,NA,NA,NA,NA,NA,NA,NA,NA,NA,NA,NA,NA,NA,NA,NA,NA,NA,NA,NA,NA,NA,NA,NA,NA,NA,NA,NA,NA,NA,NA,NA,NA,NA,NA,NA,NA,NA,NA,NA,NA,NA,NA,NA,NA,NA,NA,NA,NA,High,High,High,NA,NA,NA,NA,NA,NA,NA,NA
20,2025-10-06,12:22:31,"McNeillie, Luke",703667,Right,FLA_GAT,Undefined,1,0,BallCalled,TwoSeamFastBall,NA,NA,92.83945,-3.216147,-5.151871,2394.262175,228.122149,01:30:00,5.89145,2.46828,5.21645,-16.11213,17.20036,18.0332,1.50926,-0.88622,85.29155,-6.225651,-1.972983,0.415408,-10.29347,9.71119,-2.0054,50,5.58122,11.23766,-134.15232,-8.12838,-18.92342,26.63201,-14.32108,b6353d19-067b-4417-bed9-a1ec10de3d3b,NA,NA,NA,NA,NA,803734,"Yost, Hayden",NA,NA,NA,Left,NA,NA,NA,NA,NA,NA,NA,NA,NA,NA,NA,NA,NA,NA,NA,NA,8de1d410-a2d0-11f0-ba78-370000ced80a,6,2,FLA_GAT,1,Top,0,Four-Seam,Undefined,Undefined,Undefined,0,0,NA,FLA_GAT,FLA_GAT,CondronBallpark,TeamExclusive,Team,20251006-CondronBallpark-Private-1,90.73593,NA,NA,7.5479,NA,NA,NA,67be6289-2770-45be-bde8-1bf6332ea231,2025-10-06,16:22:31,2025-10-06T16:22:31Z,2025-10-06T16:22:31Z,NA,v3,471297,471297,NA,"Bowen, Karson",702710,Right,FLA_GAT,55.28371,-135.19717,13.316,5.8891,-7.56652,-7.16054,-2.46085,11.98008,-9.46171,NA,NA,NA,NA,NA,NA,NA,NA,NA,NA,NA,NA,NA,NA,NA,NA,NA,NA,NA,NA,NA,NA,NA,NA,NA,NA,NA,NA,NA,NA,NA,NA,NA,NA,NA,NA,NA,NA,NA,NA,NA,NA,NA,NA,NA,NA,NA,NA,NA,NA,High,High,High,NA,NA,NA,NA,NA,NA,NA,NA
21,2025-10-06,12:22:50,"McNeillie, Luke",703667,Right,FLA_GAT,Undefined,2,0,BallCalled,TwoSeamFastBall,NA,NA,93.4361,-3.848648,-4.539393,2276.159573,239.677282,02:00:00,5.8163,2.52458,5.25997,-20.10521,12.70993,20.00769,0.50816,-0.08188,86.05775,-7.549663,-1.00117,0.412296,-11.27949,7.6567,-2.12385,50,5.44756,9.80333,-135.0921,-9.87126,-21.0115,27.22022,-17.91111,c672b4c1-1263-4251-b50a-048dc7571112,NA,NA,NA,NA,NA,812807,"Jones, Kyle",NA,NA,NA,Right,NA,NA,NA,NA,NA,NA,NA,NA,NA,NA,NA,NA,NA,NA,NA,NA,98d9e740-a2d0-11f0-ba78-370000ced80a,6,3,FLA_GAT,1,Top,0,Sinker,Undefined,Undefined,Undefined,0,0,NA,FLA_GAT,FLA_GAT,CondronBallpark,TeamExclusive,Team,20251006-CondronBallpark-Private-1,91.42092,NA,NA,7.37835,NA,NA,NA,67be6289-2770-45be-bde8-1bf6332ea231,2025-10-06,16:22:50,2025-10-06T16:22:50Z,2025-10-06T16:22:50Z,NA,v3,471297,471297,NA,"Bowen, Karson",702710,Right,FLA_GAT,55.24219,-136.14427,13.61011,5.81574,-9.17893,-8.95555,-2.51848,10.61551,-10.50575,NA,NA,NA,NA,NA,NA,NA,NA,NA,NA,NA,NA,NA,NA,NA,NA,NA,NA,NA,NA,NA,NA,NA,NA,NA,NA,NA,NA,NA,NA,NA,NA,NA,NA,NA,NA,NA,NA,NA,NA,NA,NA,NA,NA,NA,NA,NA,NA,NA,NA,High,High,High,NA,NA,NA,NA,NA,NA,NA,NA
22,2025-10-06,12:23:08,"Rodriguez, Christian",1000306470,Right,FLA_GAT,Undefined,3,0,StrikeCalled,Fastball,NA,NA,91.90979,-2.947699,-3.672298,2346.350902,209.910958,01:00:00,6.00276,2.41162,5.22301,-9.95878,24.15714,13.24442,2.3934,0.05804,83.72723,-4.895616,-1.332022,0.420388,-7.63756,13.21812,-2.0829,50,5.72341,7.91008,-132.97254,-7.11348,-13.6742,28.52178,-8.50841,05dd95e9-8b98-4741-8abc-bf2f9ab44cc3,NA,NA,NA,NA,NA,812807,"Jones, Kyle",NA,NA,NA,Right,NA,NA,NA,NA,NA,NA,NA,NA,NA,NA,NA,NA,NA,NA,NA,NA,a388e380-a2d0-11f0-ba78-370000ced80a,6,4,FLA_GAT,1,Top,0,Four-Seam,Undefined,Undefined,Undefined,0,0,NA,FLA_GAT,FLA_GAT,CondronBallpark,TeamExclusive,Team,20251006-CondronBallpark-Private-1,89.66117,NA,NA,8.18257,NA,NA,NA,67be6289-2770-45be-bde8-1bf6332ea231,2025-10-06,16:23:08,2025-10-06T16:23:08Z,2025-10-06T16:23:08Z,NA,v3,471297,471297,NA,"Stanford, Cole",1000098001,Right,FLA_GAT,55.27587,-134.09941,14.26089,5.99781,-6.77732,-4.25421,-2.40609,8.45033,-6.8371,NA,NA,NA,NA,NA,NA,NA,NA,NA,NA,NA,NA,NA,NA,NA,NA,NA,NA,NA,NA,NA,NA,NA,NA,NA,NA,NA,NA,NA,NA,NA,NA,NA,NA,NA,NA,NA,NA,NA,NA,NA,NA,NA,NA,NA,NA,NA,NA,NA,NA,High,High,High,NA,NA,NA,NA,NA,NA,NA,NA
23,2025-10-06,12:24:03,"Rodriguez, Christian",1000306470,Right,FLA_GAT,Undefined,3,1,Undefined,Undefined,NA,NA,88.26728,-4.237246,-2.723476,2004.167084,231.340056,01:45:00,5.82788,2.66856,6.28829,-19.6554,15.91422,18.42103,0.27347,1.69189,80.82879,-7.94686,0.607075,0.429251,-10.41138,9.84965,-2.47673,50,5.5054,5.36916,-127.87407,-10.04134,-17.19894,26.94126,-15.90309,8a932f5a-0c4a-4d94-98fe-e10d3a3b31f2,NA,NA,NA,NA,NA,812807,"Jones, Kyle",NA,NA,NA,Right,NA,NA,NA,NA,NA,NA,NA,NA,NA,NA,NA,NA,NA,NA,NA,NA,c4b26bd0-a2d0-11f0-ba78-370000ced80a,6,5,FLA_GAT,1,Top,0,Sinker,Undefined,Undefined,Undefined,0,0,NA,FLA_GAT,FLA_GAT,CondronBallpark,TeamExclusive,Team,20251006-CondronBallpark-Private-1,87.80986,NA,NA,7.43849,NA,NA,NA,67be6289-2770-45be-bde8-1bf6332ea231,2025-10-06,16:24:03,2025-10-06T16:24:03Z,2025-10-06T16:24:03Z,NA,v3,471297,471297,NA,"Stanford, Cole",1000098001,Right,FLA_GAT,54.21223,-128.75847,13.47063,5.82645,-9.51929,-7.95155,-2.66225,5.93375,-8.59947,NA,NA,NA,NA,NA,NA,NA,NA,NA,NA,NA,NA,NA,NA,NA,NA,NA,NA,NA,NA,NA,NA,NA,NA,NA,NA,NA,NA,NA,NA,NA,NA,NA,NA,NA,NA,NA,NA,NA,NA,NA,NA,NA,NA,NA,NA,NA,NA,NA,NA,High,High,High,NA,NA,NA,NA,NA,NA,NA,NA
24,2025-10-06,12:25:43,"Rodriguez, Christian",1000306470,Right,FLA_GAT,Undefined,3,1,FoulBallNotFieldable,Fastball,NA,NA,90.59011,-1.256807,-3.359336,2146.252775,215.468728,01:15:00,5.81494,2.32284,6.29545,-15.44402,17.91111,12.05347,3.36768,0.22831,83.25433,-4.213645,-1.184555,0.415674,-7.00347,9.87957,-2.08035,50,5.71426,7.20394,-131.50992,-3.29003,-12.36933,25.6693,-14.72503,3a59e179-52f9-4722-970b-fc9947a8c471,NA,NA,NA,NA,NA,701331,"Cyr, Blake",NA,NA,NA,Right,NA,NA,NA,NA,NA,NA,NA,NA,NA,NA,NA,NA,NA,NA,NA,NA,004127e0-a2d1-11f0-ba78-370000ced80a,6,6,FLA_GAT,1,Top,0,Four-Seam,Undefined,Undefined,Undefined,0,0,NA,FLA_GAT,FLA_GAT,CondronBallpark,TeamExclusive,Team,20251006-CondronBallpark-Private-1,90.67794,NA,NA,7.33578,NA,NA,NA,67be6289-2770-45be-bde8-1bf6332ea231,2025-10-06,16:25:43,2025-10-06T16:25:43Z,2025-10-06T16:25:43Z,NA,v3,471297,471297,NA,"Stanford, Cole",1000098001,Right,FLA_GAT,54.20119,-132.32741,12.83465,5.81157,-2.82109,-7.36251,-2.31604,7.59786,-6.18467,NA,NA,NA,NA,NA,NA,NA,NA,NA,NA,NA,NA,NA,NA,NA,NA,NA,NA,NA,NA,NA,NA,NA,NA,NA,NA,NA,NA,NA,NA,NA,NA,NA,NA,NA,NA,NA,NA,NA,NA,NA,NA,NA,NA,NA,NA,NA,NA,NA,NA,High,High,High,NA,NA,NA,NA,NA,NA,NA,NA
25,2025-10-06,12:26:01,"Rodriguez, Christian",1000306470,Right,FLA_GAT,Undefined,3,1,BallCalled,ChangeUp,NA,NA,80.20803,-3.092326,-3.7695,2207.653597,252.866143,02:30:00,5.40001,2.64033,6.43541,-35.06092,7.09603,19.22088,-0.37251,0.77289,74.90272,-9.5654,-0.283818,0.467311,-11.1478,4.7628,-2.38114,50,5.16328,7.04705,-116.45216,-7.28676,-15.51411,19.11245,-25.54576,44d25d5f-4976-4b6c-8b08-4fad7e70cd0b,NA,NA,NA,NA,NA,812807,"Jones, Kyle",NA,NA,NA,Right,NA,NA,NA,NA,NA,NA,NA,NA,NA,NA,NA,NA,NA,NA,NA,NA,0b0a62e0-a2d1-11f0-ba78-370000ced80a,6,7,FLA_GAT,1,Top,0,Changeup,Walk,Undefined,Undefined,0,0,NA,FLA_GAT,FLA_GAT,CondronBallpark,TeamExclusive,Team,20251006-CondronBallpark-Private-1,80.65814,NA,NA,5.30531,NA,NA,NA,67be6289-2770-45be-bde8-1bf6332ea231,2025-10-06,16:26:01,2025-10-06T16:26:01Z,2025-10-06T16:26:01Z,NA,v3,471297,471297,NA,"Stanford, Cole",1000098001,Right,FLA_GAT,54.06842,-117.11798,9.55622,5.40163,-6.39682,-12.77288,-2.63605,7.58752,-7.75705,NA,NA,NA,NA,NA,NA,NA,NA,NA,NA,NA,NA,NA,NA,NA,NA,NA,NA,NA,NA,NA,NA,NA,NA,NA,NA,NA,NA,NA,NA,NA,NA,NA,NA,NA,NA,NA,NA,NA,NA,NA,NA,NA,NA,NA,NA,NA,NA,NA,NA,High,High,High,NA,NA,NA,NA,NA,NA,NA,NA
26,2025-10-06,12:26:19,"Rodriguez, Christian",1000306470,Right,FLA_GAT,Undefined,3,1,BallCalled,ChangeUp,NA,NA,78.86265,-1.141634,-5.599111,2129.376037,251.696497,02:30:00,5.46873,2.73692,6.44549,-35.84372,7.68351,19.68694,1.4276199999999999,-0.78353,73.5539,-7.78613,-2.047235,0.474845,-11.60784,4.64244,-2.34737,50,5.37105,10.55522,-114.36638,-3.28394,-15.66175,17.39148,-25.91029,706472f1-d1d3-4c01-a4c3-0323284d964e,NA,NA,NA,NA,NA,701331,"Cyr, Blake",NA,NA,NA,Right,NA,NA,NA,NA,NA,NA,NA,NA,NA,NA,NA,NA,NA,NA,NA,NA,15a53ae0-a2d1-11f0-ba78-370000ced80a,7,1,FLA_GAT,1,Top,0,Changeup,Walk,Undefined,Undefined,0,0,NA,FLA_GAT,FLA_GAT,CondronBallpark,TeamExclusive,Team,20251006-CondronBallpark-Private-1,79.37839,NA,NA,5.30876,NA,NA,NA,67be6289-2770-45be-bde8-1bf6332ea231,2025-10-06,16:26:19,2025-10-06T16:26:19Z,2025-10-06T16:26:19Z,NA,v3,471297,471297,NA,"Stanford, Cole",1000098001,Right,FLA_GAT,54.05741,-114.98173,8.69574,5.47102,-2.36718,-12.95514,-2.73064,11.10937,-7.83087,NA,NA,NA,NA,NA,NA,NA,NA,NA,NA,NA,NA,NA,NA,NA,NA,NA,NA,NA,NA,NA,NA,NA,NA,NA,NA,NA,NA,NA,NA,NA,NA,NA,NA,NA,NA,NA,NA,NA,NA,NA,NA,NA,NA,NA,NA,NA,NA,NA,NA,High,High,High,NA,NA,NA,NA,NA,NA,NA,NA
27,2025-10-06,12:26:43,"Rodriguez, Christian",1000306470,Right,FLA_GAT,Undefined,0,0,BallCalled,Fastball,NA,NA,91.52124,0.86055,-2.625835,2084.198848,233.626511,01:45:00,5.87498,2.49591,6.14517,-20.47914,12.58764,15.67505,4.96449,1.37402,83.39814,-3.014564,0.197266,0.413873,-8.76311,6.57075,-2.30337,50,5.92992,5.41953,-132.88062,1.36207,-15.66235,28.57425,-20.43011,60e51c1c-9be7-4918-a66e-d5b8b90a67e2,NA,NA,NA,NA,NA,812807,"Jones, Kyle",NA,NA,NA,Right,NA,NA,NA,NA,NA,NA,NA,NA,NA,NA,NA,NA,NA,NA,NA,NA,23e2dc20-a2d1-11f0-ba78-370000ced80a,8,1,FLA_GAT,1,Top,0,Sinker,Undefined,Undefined,Undefined,0,0,NA,FLA_GAT,FLA_GAT,CondronBallpark,TeamExclusive,Team,20251006-CondronBallpark-Private-1,91.07241,NA,NA,8.1231,NA,NA,NA,67be6289-2770-45be-bde8-1bf6332ea231,2025-10-06,16:26:43,2025-10-06T16:26:43Z,2025-10-06T16:26:43Z,NA,v3,471297,471297,NA,"Stanford, Cole",1000098001,Right,FLA_GAT,54.3529,-133.81338,14.28712,5.87458,2.02898,-10.21506,-2.48863,5.93081,-7.83117,NA,NA,NA,NA,NA,NA,NA,NA,NA,NA,NA,NA,NA,NA,NA,NA,NA,NA,NA,NA,NA,NA,NA,NA,NA,NA,NA,NA,NA,NA,NA,NA,NA,NA,NA,NA,NA,NA,NA,NA,NA,NA,NA,NA,NA,NA,NA,NA,NA,NA,High,High,High,NA,NA,NA,NA,NA,NA,NA,NA
28,2025-10-06,12:27:01,"Rodriguez, Christian",1000306470,Right,FLA_GAT,Undefined,1,0,BallCalled,Slider,NA,NA,79.61278,0.396173,-0.399631,2402.416218,92.949555,09:00:00,5.66448,2.70637,5.78046,-42.37841,1.72874,-7.66615,2.50157,1.69569,73.31362,-7.390965,-1.774237,0.477998,3.88666,1.03307,-2.66841,50,5.67098,1.08335,-115.74837,-0.542,5.27607,21.48007,-30.77166,fed38bdf-aaf8-46f4-a35e-bc103401bc27,NA,NA,NA,NA,NA,812807,"Jones, Kyle",NA,NA,NA,Right,NA,NA,NA,NA,NA,NA,NA,NA,NA,NA,NA,NA,NA,NA,NA,NA,2e7835e0-a2d1-11f0-ba78-370000ced80a,8,2,FLA_GAT,1,Top,0,Slider,Undefined,Undefined,Undefined,0,0,NA,FLA_GAT,FLA_GAT,CondronBallpark,TeamExclusive,Team,20251006-CondronBallpark-Private-1,78.85483,NA,NA,6.29915,NA,NA,NA,67be6289-2770-45be-bde8-1bf6332ea231,2025-10-06,16:27:01,2025-10-06T16:27:01Z,2025-10-06T16:27:01Z,NA,v3,471297,471297,NA,"Stanford, Cole",1000098001,Right,FLA_GAT,54.72204,-116.62138,10.74004,5.66759,0.70864,-15.38583,-2.70808,0.86892,2.63803,NA,NA,NA,NA,NA,NA,NA,NA,NA,NA,NA,NA,NA,NA,NA,NA,NA,NA,NA,NA,NA,NA,NA,NA,NA,NA,NA,NA,NA,NA,NA,NA,NA,NA,NA,NA,NA,NA,NA,NA,NA,NA,NA,NA,NA,NA,NA,NA,NA,NA,High,High,High,NA,NA,NA,NA,NA,NA,NA,NA
29,2025-10-06,12:27:18,"Rodriguez, Christian",1000306470,Right,FLA_GAT,Undefined,2,0,FoulBallNotFieldable,Fastball,NA,NA,91.01408,-1.199419,-2.960871,2112.832253,214.318836,01:15:00,5.77388,2.43949,6.27401,-14.54477,18.64749,12.02512,3.45453,0.70977,83.27978,-4.001644,-0.79086,0.414658,-7.05823,10.33174,-2.22623,50,5.67786,6.34781,-132.17215,-3.15151,-12.51611,27.52986,-13.85318,bcc50810-0682-4c36-97ee-ab95d5d188b9,NA,NA,NA,NA,140.309062,812807,"Jones, Kyle",3909.000624,NA,71.86902,Right,27.702431,NA,NA,NA,NA,47.31395,NA,NA,0.49687,3.83727,-1.15097,NA,NA,NA,NA,NA,38b6e420-a2d1-11f0-ba78-370000ced80a,8,3,FLA_GAT,1,Top,0,Four-Seam,Undefined,Undefined,Undefined,0,0,NA,FLA_GAT,FLA_GAT,CondronBallpark,TeamExclusive,Team,20251006-CondronBallpark-Private-1,90.90011,26.41803,NA,7.73431,NA,NA,NA,67be6289-2770-45be-bde8-1bf6332ea231,2025-10-06,16:27:18,2025-10-06T16:27:18Z,2025-10-06T16:27:18Z,NA,v3,471297,471297,NA,"Stanford, Cole",1000098001,Right,FLA_GAT,54.22554,-133.04937,13.76493,5.77125,-2.71009,-6.92659,-2.43486,6.74662,-6.25805,NA,0.49687,-71.81379,6.18386,-0.94191,0.4399,-1.21228,2.18254,-2.08585,0.82631,3.83727,49.00175,-17.24507,0.59254,-1.32909,4.6669,-8.42543,8.04366,-3.18472,-1.15097,59.60196,-22.08894,5.73868,0.18785,-4.59682,8.61285,-8.24474,3.2652,NA,NA,NA,NA,NA,NA,NA,NA,NA,NA,NA,NA,NA,NA,NA,NA,NA,NA,NA,NA,NA,NA,High,High,High,High,Undefined,NA,NA,NA,57.60474,-3.18936,6.57391
30,2025-10-06,12:27:46,"Rodriguez, Christian",1000306470,Right,FLA_GAT,Undefined,2,1,BallCalled,ChangeUp,NA,NA,79.50811,-0.920548,-3.265959,2193.480435,255.390206,02:30:00,5.43369,2.78428,6.64073,-36.14404,6.66512,20.59017,1.57756,1.50718,73.3323,-7.682088,0.481826,0.470912,-11.72875,4.16244,-2.57127,50,5.35684,5.90375,-115.56347,-2.83704,-15.91914,20.79738,-26.52447,032b3492-4f38-409c-b980-a1071865868c,NA,NA,NA,NA,NA,1000352389,"Malzone, Aj",NA,NA,NA,Left,NA,NA,NA,NA,NA,NA,NA,NA,NA,NA,NA,NA,NA,NA,NA,NA,49b13460-a2d1-11f0-ba78-370000ced80a,8,4,FLA_GAT,1,Top,0,Changeup,Undefined,Undefined,Undefined,0,0,NA,FLA_GAT,FLA_GAT,CondronBallpark,TeamExclusive,Team,20251006-CondronBallpark-Private-1,80.04138,NA,NA,6.1758,NA,NA,NA,67be6289-2770-45be-bde8-1bf6332ea231,2025-10-06,16:27:46,2025-10-06T16:27:46Z,2025-10-06T16:27:46Z,NA,v3,471297,471297,NA,"Stanford, Cole",1000098001,Right,FLA_GAT,53.86063,-116.25617,10.39869,5.43662,-1.95358,-13.26223,-2.77674,6.43397,-7.95957,NA,NA,NA,NA,NA,NA,NA,NA,NA,NA,NA,NA,NA,NA,NA,NA,NA,NA,NA,NA,NA,NA,NA,NA,NA,NA,NA,NA,NA,NA,NA,NA,NA,NA,NA,NA,NA,NA,NA,NA,NA,NA,NA,NA,NA,NA,NA,NA,NA,NA,High,High,High,NA,NA,NA,NA,NA,NA,NA,NA
